,Time_tweeted,User,Tweet
0,2022-05-13 06:19:17+00:00,witchbail,"if I was going to defend the new kendrick i would simply say ""it's camp"" instead of doing all the serious mental gymnastics i'm seeing from you guys for defending hilarious lines like... the entirety of we cry together. like that song is peak comedy."
1,2022-05-13 06:19:16+00:00,fkadrigz,"Now this is why Kendrick is the best rapper of this generation. Stellar album. Beautiful, raw, thought-provoking sincere and personal. 10/10"
2,2022-05-13 06:19:16+00:00,WOOZERSBURNER,Goddamn that Kendrick album was depressing
3,2022-05-13 06:19:16+00:00,wrld_penguin,If kanye rapped over one of these trap kendrick beats weâ€™d have KEEP IT BURNIN 2.0 ğŸ˜‚ğŸ˜‚ these beats is harder than my mama spankings
4,2022-05-13 06:19:16+00:00,memedoggg,kendrick way too old to to be rapping about cancel culture
5,2022-05-13 06:19:16+00:00,trillpotnaog,Bout to bless my ears with this Kendrick album
6,2022-05-13 06:19:15+00:00,LePetiteLeRoux,Kendrick said take that filter off you ugly asf ğŸ˜­
7,2022-05-13 06:19:15+00:00,thisbeskinnyy,Kendrick closer to Kodak or sumâ€™?
8,2022-05-13 06:19:15+00:00,_LikeTheCREATOR,Kendrick knew we needed this ğŸ˜­ğŸ”¥
9,2022-05-13 06:19:14+00:00,i_arabella,KENDRICK LAMAR DUCKWORTH
10,2022-05-13 06:19:14+00:00,The_Origin29,"Kendrick album is at least a 9, but is  kind of a big bummer all the way through, lacks the occasional levity of tpab. It's a weighty listen for sure"
11,2022-05-13 06:19:14+00:00,AhayahYasha,Damn Kendrick say you â€œoutta pocketâ€ on N95 and that make me think of the first song we made together on IG live ğŸ¤£ğŸ˜‚ğŸ¤¦ğŸ¾â€â™‚ï¸
12,2022-05-13 06:19:13+00:00,Cartiminionbs,we can all agree carti dropped a better album than kendrick lamar? https://t.co/IK8lzi0G1E
13,2022-05-13 06:19:13+00:00,bomaye_media,"First Thoughts: 
Very interesting sound palette on the record, maybe the 2nd best sounding Kendrick album to me. 

Seems very personal, which I really loved; more family and generational trauma themes. 

Obviously thereâ€™s a ton to unpack so Iâ€™m going to get to that later https://t.co/rQR3WH5zGB"
14,2022-05-13 06:19:13+00:00,Tshi_Nakanyane,Kendrick day? why not?
15,2022-05-13 06:19:12+00:00,LaniBaandz,Kendrick Lamar is BACKKKKKK ğŸ™‚
16,2022-05-13 06:19:12+00:00,WoahKaliTrav,Kendrick Lamarâ€™s album https://t.co/5KrE0owelB
17,2022-05-13 06:19:12+00:00,AntonyRyder,Kendrick ğŸ‘ğŸ‘ğŸ‘
18,2022-05-13 06:19:12+00:00,AbsoluteGoon,"NEW KENDRICK ALBUM OMG
I MISSED HIM"
19,2022-05-13 06:19:12+00:00,masejallday,Shit should I even listen to 3rd track on Kendrick album? Trash.
20,2022-05-13 06:19:11+00:00,zdarionzeluxe,ngl this Kendrick album not hittin for meâ€¦ğŸ˜•
21,2022-05-13 06:19:11+00:00,shark_ankles,"kendrick, summer walker, and ghostface is an insane combo"
22,2022-05-13 06:19:11+00:00,BryanXCIV,"Bad Bunny album one week, Kendrick Lamar album the very next week ğŸ”¥ğŸ’¯"
23,2022-05-13 06:19:11+00:00,mathiassss__,kendrick just canâ€™t miss
24,2022-05-13 06:19:10+00:00,ittoart,looking through twitter to see how people receive the new Kendrick album so i can form an opinion on it ğŸ˜ˆ https://t.co/gHgbpBiMfk
25,2022-05-13 06:19:10+00:00,moneymakkkimatt,Kodak black &amp; Kendrick Lamar &gt;&gt;&gt;&gt;&gt;&gt;&gt; fuck yâ€™all talk abt
26,2022-05-13 06:19:10+00:00,DUMMYvirgo,kendrick puts out real art aint no shame to say it
27,2022-05-13 06:19:10+00:00,Stoney_Online,Ancestors watching me Fxck was like retaliation ğŸ˜© Kendrick
28,2022-05-13 06:19:09+00:00,IamJeanBasquiat,kendrick lamar and taylour paige https://t.co/3O5i3LyODk
29,2022-05-13 06:19:09+00:00,_HNDRXX8,Damn just hit a late night workout and didnâ€™t even listen to the new Kendrick ğŸ˜­
30,2022-05-13 06:19:08+00:00,f8deintoyou,is the kendrick album worth listening to
31,2022-05-13 06:19:07+00:00,mthwv_,Kendrick is back..
32,2022-05-13 06:19:07+00:00,olivolol,i felt it when Kendrick said I choose me Iâ€™m sorry
33,2022-05-13 06:19:07+00:00,LosoKno,That Kendrick album is a masterpiece.
34,2022-05-13 06:19:05+00:00,JORDYMYJORDE,Kendrick didnâ€™t do no smoking on no top 5â€™s. Smh
35,2022-05-13 06:19:05+00:00,JordanOnTheMoon,"im here on my first listen, and I stg this dude Kendrick released a mfing musical ğŸ’€ğŸ’€ğŸ’€ https://t.co/TALiSjZ6Eg"
36,2022-05-13 06:19:05+00:00,tkkeni_,Kendrick did something special with Rich spirit. Production is phenomenal yet AGAIN #MrMoraleAndTheBigSteppers
37,2022-05-13 06:19:04+00:00,AmeenhaLee,who has album of the year so far? Kendrick Lamar or Future
38,2022-05-13 06:19:03+00:00,WAV____,sliding on the bosses in elden ring gonna hit different when i play that new kendrick ost dlc https://t.co/ISzGc8K8M9
39,2022-05-13 06:19:03+00:00,babyriahhhxo,Ghostface on that Kendrick track w Summer ğŸ˜©ğŸ˜©ğŸ˜©ğŸ«¶ğŸ»ğŸ«¶ğŸ»ğŸ«¶ğŸ»
40,2022-05-13 06:19:03+00:00,__scriptz__,you go make he talk say make Kendrick come office. ğŸŒš https://t.co/3wOCah0n8Z
41,2022-05-13 06:19:03+00:00,READG0H,Kendrick album a solid 8 rn
42,2022-05-13 06:19:03+00:00,AniCaribbean,Kendrick Lamar has 500 unreleased music that he canâ€™t access ğŸ˜®â€ğŸ’¨ https://t.co/jNdCOvUcvg
43,2022-05-13 06:19:02+00:00,GREATESTlDOL,this kendrick album has america in shambles right now.... god.
44,2022-05-13 06:19:02+00:00,kenaenaee,KENDRICK DIDNT HAVE TO EAT LIKE THAT ğŸ¥²ğŸ
45,2022-05-13 06:19:02+00:00,jdshort,I totally didnâ€™t realize Kendrickâ€™s new album came out...just now ğŸ˜®
46,2022-05-13 06:19:02+00:00,AllenMoyo17,"KENDRICK FUCKEN LAMAR ğŸ˜­ğŸ”¥ğŸ¤ŒğŸ¾.  I am happy 

#MrMoraleAndTheBigSteppers https://t.co/ET29VkTOj6"
47,2022-05-13 06:19:02+00:00,Vizaveez,fucked up of society to make me work a 12 hr shift when kendrick has dropped a new album
48,2022-05-13 06:19:01+00:00,iamnubio,"Yes Kendrick ğŸ™ğŸ¿ğŸ™ğŸ¿ğŸ™ğŸ¿
Shack ya locks off this one King âš¡ï¸"
49,2022-05-13 06:19:01+00:00,jordanbrent_,Kendrick the only one that come with a new flow every album
50,2022-05-13 06:19:01+00:00,silo_hr,Kendrick-fucking-Lamar ğŸ”¥ğŸ˜­
51,2022-05-13 06:19:01+00:00,stellamanellaa,"Silent hill? Kodak went so hard, I love Kendrick for thisğŸ˜­â™¥ï¸"
52,2022-05-13 06:19:00+00:00,tylaanneharris,Thank you Kendrick .âœ¨
53,2022-05-13 06:19:00+00:00,GopolangSemenya,making the office listen to kendrick lemar
54,2022-05-13 06:19:00+00:00,LouisIsHeree,Ah This Sampha sound ğŸ¥² Kendrick is actually the greatest man
55,2022-05-13 06:19:00+00:00,AbujaRock_Com,kendrick lamar â€“ united in griefÂ instrumental https://t.co/7PO6XlZPoj https://t.co/N37befw23d
56,2022-05-13 06:18:59+00:00,yomamadotgov,i wonder how Kendrick feels knowing that people will absolutely listen to Mirror on an iPhone speaker
57,2022-05-13 06:18:59+00:00,nsamarexx,Kendrick fucking lamar
58,2022-05-13 06:18:59+00:00,youneedhelpifi,Kendrick didnâ€™t even set the bar he broke the bar.
59,2022-05-13 06:18:59+00:00,yung_chuggie,kendrick is gonna get canceled for auntie diaries for saying the word but im still gonna bump it
60,2022-05-13 06:18:59+00:00,amarafleur,"And even if itâ€™s a Kendrick lyric, of all the woke youâ€™ll find on that album - thatâ€™s not the one to stop at."
61,2022-05-13 06:18:58+00:00,Rapwityaboy,Kendrick is literally crashing YouTube #KendrickLamar
62,2022-05-13 06:18:58+00:00,FreemanNgcobo,I need to hear @WHOISCONWAY  @WESTSIDEGUNN  @BennyBsf on that Kendrick's We cry together beat! ğŸ˜­ğŸ˜­ğŸ˜­
63,2022-05-13 06:18:57+00:00,ThatBoyJordynnn,"Kodak Black slid on Silent Hill 

I never thought Iâ€™d see him on a Kendrick Lamar album but Iâ€™m glad he is"
64,2022-05-13 06:18:57+00:00,ollie_wallie_,"Kendrick Lamar - We Cry Together ft. Taylour Paige (Official Audio) https://t.co/8tQmQIs2B2 via @YouTube 
Theres no way people don't relate to this in some way, this song has me speechless"
65,2022-05-13 06:18:57+00:00,srsisa10_10,iâ€™m sorry but this is not on kendrick level https://t.co/xZlZxMdgiS
66,2022-05-13 06:18:57+00:00,lanlanbabe_,kendrick lamarâ€™s N95ğŸ¥µğŸ¥µ Im gonna Die Hard
67,2022-05-13 06:18:57+00:00,dannny32,Kendrick doesnâ€™t fucking miss.
68,2022-05-13 06:18:57+00:00,thesuunest,What Kendrick did on Die hard
69,2022-05-13 06:18:56+00:00,CaAngryblackdu,"Not 100% how I feel about the new Kendrick album.  It's a masterpiece.  Idk if it's my favorite or least favorite of his albums.  After this week I probably wont listen to it for a decade, but its great shit.  No real standout tracks, it just flows.  Someone give Kendrick a hug."
70,2022-05-13 06:18:56+00:00,shreevz,"Kendrickâ€™s new album is a play/musical. 

The two discs are the two acts.  

The â€˜tap dancersâ€™ are the Steppers; his critics, his enemies, his vices. 

But heâ€™s Mr. Morale. Dancing on his own beat. Breaking the generational curse. 

Choosing himself and his family. 

Above all."
71,2022-05-13 06:18:56+00:00,CynetLan,Ok time to listen to the new Kendrick album. And from what Iâ€™m hearing Iâ€™m gonna have to wear earphones for this oneâ€¦
72,2022-05-13 06:18:55+00:00,NickKipyego,The super hyped Kendrick's album and yet  not even  a hit
73,2022-05-13 06:18:55+00:00,PrettyIdiotic,Thank the gods for Kendrick Lamar ğŸ‘‘
74,2022-05-13 06:18:55+00:00,introducextina,Kendrick.
75,2022-05-13 06:18:55+00:00,remmstories,Kendrick easily broke Tha internet with ignorance an appreciation an hate all at the same time
76,2022-05-13 06:18:55+00:00,Daheixiong24,"The production on Mr. Morale and the Big Steppers is absolutely ABSOLUTELY the best of Kendrick's big 4 albums.  

Less chaotic than TPAB.  Just incredible"
77,2022-05-13 06:18:55+00:00,im_back74,Naw bro this niggas Kendrick really going stupid asfğŸ˜­ğŸ˜­ğŸ˜­nigga had Apple Music n other music apps crashing who else doin dat
78,2022-05-13 06:18:55+00:00,jawnthomas,kendrick
79,2022-05-13 06:18:54+00:00,thuggerslilson,"Kendrick Lamar is the greatest rapper of ALL TIME, dead or alive."
80,2022-05-13 06:18:54+00:00,KamisoriOtome,"I'm fairly confident that I caught exactly 1% of the content of this album but that's not usually what I gravitate towards on a first listen

This was an overall much more toned down, letting Kendrick's voice to guide the listener through the sometimes sparse production. https://t.co/9YYLq5teKG"
81,2022-05-13 06:18:53+00:00,Kaleeeeeeb,i might not make it through the first song of this Kendrick album i keep running it back man
82,2022-05-13 06:18:53+00:00,meth_enjoyer,This new Kendrick album is mid
83,2022-05-13 06:18:53+00:00,HW4SATHICC,"the people defending kendrick lamar for saying the f-slur like ""you didn't listen well to the song"" ""he's telling a story"" when he shouldn't be saying it at the first place... https://t.co/11FnE5vnCT"
84,2022-05-13 06:18:53+00:00,FinesImmanuel,Kendrick ğŸ#kendrick
85,2022-05-13 06:18:53+00:00,Sky63209221,Kendrick album a 7.5/10 probably will change after more listens
86,2022-05-13 06:18:52+00:00,aid3nrs,"itâ€™s official, Bladee&gt;kendrick"
87,2022-05-13 06:18:52+00:00,_sinenhlanhla_,Kendrick Lamar can go to hell. Seriously.
88,2022-05-13 06:18:52+00:00,islapdumbitches,"I gotta wait til tomm to hear that new Kendrick, ion need no distractions after work"
89,2022-05-13 06:18:52+00:00,XavierNoDraws31,Now that nerd who got Kendrick to release his album can stop talking about it
90,2022-05-13 06:18:51+00:00,chivemeup,"Iâ€™m convinced people saying Kendrick new album is mid are white teens with permed hair and says the n word.

#MrMorale #KendrickLamar #KodakBlack #kdot #pgLang"
91,2022-05-13 06:18:51+00:00,meftnarrys,"everyone say, thank you kendrick lamar https://t.co/sqVj0cwnBq"
92,2022-05-13 06:18:50+00:00,YONGMEC0,kendrick album long af
93,2022-05-13 06:18:50+00:00,numbdeath999,"I really love when rappers argue with girls and put them to rap. 

Helps me to see the point of view of woman too ğŸ’€ğŸ’€ğŸ˜©.

Kendrick Lamar - We Cry Together ft. Taylour Paige (Official Audio) https://t.co/pCrkCvrWk4 via @YouTube"
94,2022-05-13 06:18:50+00:00,TrevorRose13,KENDRICK ğŸ”¥ğŸ”¥ğŸ”¥ğŸ”¥
95,2022-05-13 06:18:50+00:00,LeeCore_,"Kanye and Drake squashing their beef

Kendrick: https://t.co/nUE0Xn123Q"
96,2022-05-13 06:18:50+00:00,GabNFLDraft,Not a rap kinda guy but I did enjoy the Kendrick Lamar album
97,2022-05-13 06:18:49+00:00,daddy__golden,"If Kendrick can say f*ggot, I can too."
98,2022-05-13 06:18:48+00:00,Heartless_teen0,Everyone trying to get that kendrick banger tweet ğŸ˜‚ğŸ˜‚
99,2022-05-13 06:18:48+00:00,djMoonRockk,Im confused about why Kendrick chose Kodak to narrateâ€¦
100,2022-05-13 06:18:47+00:00,KeeNoLock,Not to be on some corny shit but this Kendrick album has me feeling like Iâ€™m listening to something thatâ€™s been missing in my life or something
101,2022-05-13 06:18:47+00:00,Sdweshi,My friend wants to listen to the new Kendrick Lamar too and I just told him to stick to listening to amapiano. Hip hop and amapiano don't mix. Kendrick Lamar is for us only.
102,2022-05-13 06:18:47+00:00,A_TrainWreK,Havenâ€™t cried to some hip hop in a while. Kendrick preached a word.
103,2022-05-13 06:18:46+00:00,TyChapmn,"If I'm being really real, it's a little weird when white folks are super into Kendrick Lamar."
104,2022-05-13 06:18:46+00:00,AriVarii,This new Kendrick album got me getting my life together
105,2022-05-13 06:18:46+00:00,Omar10812034,How kendrick wrote this album https://t.co/ZWM4u1XbVZ
106,2022-05-13 06:18:45+00:00,Lilliisart,The Kodak feature is very jarring and yet very on brand for Kendrick ğŸ™ƒğŸ™ƒğŸ™ƒ
107,2022-05-13 06:18:45+00:00,DijahSB,kendrick on auntie diaries https://t.co/cqR4TqK6cF
108,2022-05-13 06:18:44+00:00,Vic__kendrick,Lmao I felt this deep in my bonesğŸ˜­ğŸ˜­ğŸ˜­ https://t.co/yGUnAqQUjb
109,2022-05-13 06:18:44+00:00,usherjunior20,"This is gon be the best Friday off the year  2022 O.B.O dropped such an addictive smash #StandStrong ğŸ˜³ğŸ™† 
Kendrick lamar finished me with a new albumğŸ˜‚ feels so unreal lmaoğŸ¤£"
110,2022-05-13 06:18:44+00:00,YOSIRUK,"Kendrick's ""We Cry Together"" is a modern day @RZA ""Domestic Violence"". Paying homage"
111,2022-05-13 06:18:44+00:00,_JohnAlan,"First half of the new Kendrick record down. I feel like Iâ€™m watching a play reading along with the songs.

Standouts on the front half, United in Grief and Father Time"
112,2022-05-13 06:18:43+00:00,LTeriissa,Kendrick got my ass cryin ğŸ‘º
113,2022-05-13 06:18:43+00:00,1lilvince,we cry together is nuts kendrick lost his mind ğŸ¤¯
114,2022-05-13 06:18:43+00:00,DesertRiverr,very early top 4 from kendrick album. hm to mirror as well https://t.co/cfcyBxt10I
115,2022-05-13 06:18:43+00:00,Omfgbu,Sorry But That Kendrick Album Wasnt It
116,2022-05-13 06:18:42+00:00,Onipimpin,Kendrick !
117,2022-05-13 06:18:42+00:00,ahlehkx,FAGGOT FAGGOT FAGGOT - Kendrick Lamar
118,2022-05-13 06:18:42+00:00,MadManMoses_,"Anyways, time to take in the new Kendrick"
119,2022-05-13 06:18:41+00:00,natetesf,I h8 when new music is so good u cant even get thru the entire album this kendrick is different
120,2022-05-13 06:18:41+00:00,HP__Dre,That album was healing. Extremely vulnerable. Love seeing this side of Kendrick. @kendricklamar thank you for letting us in. #MrMoraleAndTheBigSteppers
121,2022-05-13 06:18:41+00:00,SkriffinsMingo,"Now playing ...
Kendrick Lamar - Mirror  ğŸ”ŠğŸ”¥ğŸ”¥ğŸ”¥ https://t.co/QxBDsUrBHB"
122,2022-05-13 06:18:41+00:00,iSmellFood_,"Kendrick album songs I like:
N95 - Maybe favourite?
Savior - Also maybe favourite
Mr. Morale - rlly good
Mirror - good
Silent hill - good
worldwide steppers - good
auntie Diaries -  good"
123,2022-05-13 06:18:41+00:00,Th3OnlyPurpl3,MCR? Nigga shut up it's Kendrick day
124,2022-05-13 06:18:40+00:00,uday02229752,damn kendrick was in his bag
125,2022-05-13 06:18:40+00:00,thotterybarn_,LIKE THE FIRST TIME I FUCKED A WHITE BITCH?????? Kendrick Lamar Duckworth what is this??? Why is that there? Kidogo niangushe simu ğŸ˜­ğŸ˜­
126,2022-05-13 06:18:40+00:00,NoplSssbm,new Kendrick is brazy a lot to process here holy shit
127,2022-05-13 06:18:40+00:00,OurCultureOC,"Albums Out Today: Kendrick Lamar (@kendricklamar), The Smile (@thesmiletheband), @florencemachine, Ethel Cain (@mothercain), Mallrat (@lilmallrat), @kevinmorby, @QuelleChris, @SaySueMe, @theblackkeys, @ModeratOfficial, @bearsdenmusic
https://t.co/ZszaV9G9ys https://t.co/N1juovXWG7"
128,2022-05-13 06:18:40+00:00,Dhubb4,Kendrick
129,2022-05-13 06:18:39+00:00,kevinxbarton,some of these Kendrick takes makes me feel like yâ€™all have brain worms
130,2022-05-13 06:18:39+00:00,samalvarezvy,"Kendrick made you think about it, but he is not your savior
Cole made you feel empower, but he is not your savior
Future said, ""Get a money counter,"" but he is not your savior
'Bron made you give his flowers, but he is not your savior
He is not your savior"
131,2022-05-13 06:18:39+00:00,hovibabyy,King Kendrick.
132,2022-05-13 06:18:39+00:00,moewaveyy,Kendrick Lowkey sound like Tierra Whack on N95
133,2022-05-13 06:18:38+00:00,couldbejemima,"wake up babe, kendrick dropped!"
134,2022-05-13 06:18:38+00:00,Cavs4Life2003,Kendrick Maneâ€¦ğŸ¤¯ğŸ«¡
135,2022-05-13 06:18:37+00:00,DaBusyBee101,Kendrick Lamarâ€™s We Cry Together Got Me Missing My Ex ğŸ˜‚ğŸ˜‚ğŸ˜‚ğŸ”¥#MrMoraleAndTheBigSteppers
136,2022-05-13 06:18:37+00:00,Czar_Var,In tune with the Kendrick Lamar album
137,2022-05-13 06:18:37+00:00,teleconvo,Kendrick is on another level
138,2022-05-13 06:18:37+00:00,joksovayoded,Kendrick killed it with the new album. Shits fire af
139,2022-05-13 06:18:36+00:00,RurouniKendall,Just seen the Kendrick tape tracklist and... no TDE features?? No black Hippy??
140,2022-05-13 06:18:36+00:00,CjKofi,"i haven't listened to Kendrick's new album yet, but where would it rank among the other rap ablums i've downloaded this year. NB: Che Noir's food for thought is below the other albums https://t.co/5HNXKldWi9"
141,2022-05-13 06:18:36+00:00,Terry_McFly,â€œThe Heart Part 5â€ â€“ Kendrick Lamar https://t.co/yUWLtDEJyL #trending
142,2022-05-13 06:18:35+00:00,tay_zaro,Kendrick
143,2022-05-13 06:18:35+00:00,aleman_alvin,Kendrick really got the big stepper steppin on his album
144,2022-05-13 06:18:35+00:00,DonnyCartier,"I am dreading the bitchless discourse this album boutta bring to the timeline over the next 48 hours, I may mute all things Kendrick just so I can enjoy in peace"
145,2022-05-13 06:18:34+00:00,zachfromtejas,"kendrick really dropped ART, had me crying ğŸ˜®â€ğŸ’¨"
146,2022-05-13 06:18:33+00:00,MarleyGee504,I see a lot of misinterpretation of Kendrickâ€™s album you mfs are stupid ğŸ˜‚ğŸ˜‚ğŸ˜‚ğŸ˜‚
147,2022-05-13 06:18:33+00:00,jahlee_da1,They talking bout double disk ğŸ¤¦ğŸ¾â€â™‚ï¸Gemini ğŸ‘¥he gave us both sides Kendrick Lamar god ğŸ https://t.co/CtxSWtTL6V
148,2022-05-13 06:18:32+00:00,raja_ranmii1,I MISS KENDRICK WTFFFFF
149,2022-05-13 06:18:32+00:00,Goose_PW,Im gonna get to this new Kendrick shortly but people saying about the wild swings in FPL this week and here's me moving 476 places ğŸ™ƒğŸ˜‚ https://t.co/2hMx0Fvy6K
150,2022-05-13 06:18:32+00:00,RyanSchlaud,Iâ€™m sorry Iâ€™m about to get really annoying about music Kendrick and the smile dropped tonight
151,2022-05-13 06:18:31+00:00,neyz0n6,S/O TO THE RECORDING MIX N MASTER ENGINEERS FOR KENDRICKâ€™S ALBUM
152,2022-05-13 06:18:31+00:00,Slim__D,Only 4 songs in &amp; all I can say is this new Kendrick is beautiful
153,2022-05-13 06:18:31+00:00,mannyalone,5.08 years since Kendrick dropped Damn. https://t.co/dbrjBMFsBX
154,2022-05-13 06:18:30+00:00,MsAppiah_91,Kendrick. Lamar. Duckworthâ€¦.ğŸ‘ğŸ¾ğŸ‘ğŸ¾ğŸ‘ğŸ¾ #MrMoraleAndTheBigSteppers
155,2022-05-13 06:18:30+00:00,LonaBanga2,That Kodak and Kendrick track is top!! ğŸ˜­ğŸ”¥ they really worked well together ğŸ”¥ğŸ”¥
156,2022-05-13 06:18:30+00:00,jrdnnoriver,"Better not see y'all on here fvckin with Kendrick for using the f slur in a way that pushes the culture forward while acknowledging the harm that he caused by participating in it, while ignoring how eminem got rich off using it to demean people."
157,2022-05-13 06:18:29+00:00,ruisuvx,"This is my ranking of k. New album disc 1
#KendrickLamar #Kendrick https://t.co/8YtPaqCb36"
158,2022-05-13 06:18:28+00:00,2keofcurls,Mr Morale isn't Kendrick's The Big Day but i do think it's probable that Kendrick will have a Big Day sometime in his career
159,2022-05-13 06:18:28+00:00,CFCRodney,"Kendrick thanks for coming back, now let's get back to listening to murder music"
160,2022-05-13 06:18:27+00:00,Justkyron_,Kendrick shit a 8.5/10
161,2022-05-13 06:18:27+00:00,RsznD4,best thing about kendrick album was kodak.
162,2022-05-13 06:18:27+00:00,ovomadepappi,Just seen somebody say this kendrick album is the album of the century Iâ€™m off twitter for tonight ğŸ˜­
163,2022-05-13 06:18:27+00:00,oldmanlambo,After one listen this Kendrick is definitely it. Canâ€™t wait to run it back fiftyleven times
164,2022-05-13 06:18:26+00:00,mowaseife,"BREAKING NEWS!!

Apple AirPods 2- 50k
Apple AirPods 3- 75k
Apple AirPods Pro- 85k
Wireless Charging

Location: Lagos
Delivery Nationwide
Pickup available ğŸ“¦

SEND A DMâ¤ï¸

Davido Wizkid Olamide Whitemoney Burna O.B.O De jong Muhammed Conte Hausa Atiku Kendrick Spotify Chelsea https://t.co/A4H7yIhcDB"
165,2022-05-13 06:18:26+00:00,iam_deson,"Mr. Morale &amp; The Big Steppers x100.

Kendrick ğŸğŸ”¥"
166,2022-05-13 06:18:26+00:00,Asvp_tah,What Kendrick and Taylor did on #MrMoraleAndTheBigSteppers  DID NOT HAVE TO BE DONEEE. Goodnight now ğŸ˜®â€ğŸ’¨
167,2022-05-13 06:18:26+00:00,Jacob3k1,â€œWe cry togetherâ€ gotta be my favorite song on Kendrick Lamarâ€™s new album ğŸ˜‚ #MrMorale
168,2022-05-13 06:18:26+00:00,dushan_munsami,If she listens to Kendrick Lamar ğŸš©ğŸš©ğŸš©
169,2022-05-13 06:18:26+00:00,PlusNiggaHokage,"Damn, Kendrick really rap like Porky Pig just without the constant stuttering"
170,2022-05-13 06:18:26+00:00,ManUtdYeezy,"Good Kendrick Lamar album, some of the best production he's ever had.. 

 But it's still good kid, m.A.A.d city &gt;&gt;&gt;"
171,2022-05-13 06:18:25+00:00,EastAfricanPri1,This how my AirPods are rn while listening to this new Kendrick joint ğŸ”¥ğŸ”¥ #MrMoraleAndTheBigSteppers https://t.co/WoK8poZxNu
172,2022-05-13 06:18:25+00:00,eduardoderosa23,"Damn, new kendrick album is so good"
173,2022-05-13 06:18:25+00:00,karlakadabra,NEW KENDRICK AYYYYYEEE
174,2022-05-13 06:18:25+00:00,topherick,I want to give this Kendrick room to breathe before the takes - a shocking concept. Spoiler - I think itâ€™s good.  but the most urgent early thought  is - the album SOUNDS so good.
175,2022-05-13 06:18:24+00:00,Risseyrose_,"After watching #AtlantaFX and first listen of Kendrickâ€™s album,  Iâ€™m sitting here in awe of their brilliance, artistry and storytelling ğŸ¤¯ What a gift to us all. Thank you @donaldglover, the writers/actors on Atlanta and @kendricklamar ! ğŸ™ŒğŸ‘ğŸ½ğŸ‘ğŸ½ğŸ‘ğŸ½ğŸ–¤"
176,2022-05-13 06:18:24+00:00,golokoxiana,KENDRICK LAMAR dropped his album on my BIRTHDAYYYY LETSSS GOOOO !!!!
177,2022-05-13 06:18:24+00:00,DUEDDOESSHIT,Kendrick on Auntie Diaries https://t.co/RgUhh4vFEp
178,2022-05-13 06:18:24+00:00,ChiefGabriel15,Kendrick's album is ğŸ”¥
179,2022-05-13 06:18:24+00:00,SnypezWest,"â€œNo, I canâ€™t please everybodyâ€ - Kendrick Lamar"
180,2022-05-13 06:18:24+00:00,i_henley_queen,Kendrick man ğŸ’œğŸ‘‘
181,2022-05-13 06:18:24+00:00,ssssadab,"mr morale and the big steppers on first listen was mind blowing, the album is really personal and somewhat relatable this time for me, at least. kendrick did an amazing job with the storytelling, its so unfiltered, iâ€™m gonna wait to rate this album, let it grow on me first."
182,2022-05-13 06:18:23+00:00,EspsoMattai,Kendrick is a lyrical genius fr https://t.co/a0s5uZoF6A
183,2022-05-13 06:18:23+00:00,tiagolucxs,kendrick e summer walker terapia
184,2022-05-13 06:18:23+00:00,jared_bruhh,Kendrickâ€™s new album brb
185,2022-05-13 06:18:23+00:00,brntapia,It's Kendrick day. It's Florence and the machine day. It's combination Kendrick and Florence and the machine day (new mcr single too)
186,2022-05-13 06:18:23+00:00,TheGuuruGuru,New Kendrick album peak
187,2022-05-13 06:18:23+00:00,raymondt248,If you know me you know Kendrick and Kodak is my TOP TOP favorite artists so this is just a classic album already bruh whatâ€™s the odds ğŸ˜‚
188,2022-05-13 06:18:23+00:00,BanksSZN,Tina fighting with the Kendrick stans lmfao
189,2022-05-13 06:18:23+00:00,Koontz9001,When Kendrick said â€œhello crackersâ€ I felt that shit
190,2022-05-13 06:18:22+00:00,JDotWest507,Kendrick drops his album on Friday the 13th.. let the killing begins.
191,2022-05-13 06:18:22+00:00,KumnyamEndlini,Kendrick and Taylor Paige on We Cry Together https://t.co/jS9bMGqRDi
192,2022-05-13 06:18:22+00:00,mushbong,This Kendrick album a 10/10 for me. Fuck what yâ€™all gotta say
193,2022-05-13 06:18:22+00:00,koteras,Canâ€™t wait to see ESPN post about LeBron listening to the new Kendrick album 20 times.
194,2022-05-13 06:18:22+00:00,Kurrco,"The discourse around this Kendrick album is about to be so tiresome 

Already seen some people trying to run with certain narratives oh brother"
195,2022-05-13 06:18:21+00:00,Localartfreak,I woke up and donâ€™t know if I want to listen to Kendrick or Florence..
196,2022-05-13 06:18:21+00:00,Poppa_docc95,Daddy issues by Kendrick went hard tbh
197,2022-05-13 06:18:21+00:00,JR_SMITHsonian,"I like the kendrick album, it talks about big things and tackles them well"
198,2022-05-13 06:18:20+00:00,chronburgundy,"We all knew the Kendrick album would be incredibly mixed... There's not a Kendrick album that hasn't been mixed with perfection. It's like Bruno Mars, U know that mans music is mixed like butter before the album even drops haha"
199,2022-05-13 06:18:19+00:00,lipamiletti,Wait we waited 5 years for Kendrick to use the F slur? Jfbdjdbdbdb
200,2022-05-13 06:19:17+00:00,fuckyomorals,The outro to this shit absolutely broke me down like a fraction. From one father striving to actualize his personal legend to another who has done exactly that god bless your honorable spirit Mr. Lamar ğŸ¥² â¦@kendricklamarâ©  https://t.co/Tc8Aczzif2
201,2022-05-13 06:19:13+00:00,Decembur13th,"Wow that Toni Braxton sample ğŸ”¥ğŸ˜‚

https://t.co/nBQtVrGz5A"
202,2022-05-13 06:19:04+00:00,happyvirus_cart,"i am now accepting orders po

wts wtb lf looking for premium acc prem accs netflix spotify youtube viu grammarly quillbot scribd chegg turnitin coursehero vpn apple music bartleby kahoot cheap ph mura affordable"
203,2022-05-13 06:19:04+00:00,Los3DelOcio,Dance Fever - Florence + the Machine https://t.co/vnWtTlEmlB
204,2022-05-13 06:19:02+00:00,shineworshipnp,Playing The Earth Is Yours by Gungor https://t.co/6XClBntk08
205,2022-05-13 06:18:57+00:00,mitchisakpopfan,My free Apple Music has expired so I'm finally back to Spotify after 6 months ğŸ¤£ğŸ¤£
206,2022-05-13 06:18:56+00:00,TaiLovesPapi,The way I know about 3 couples in my lifetime that argue like this chile ğŸ˜­ https://t.co/FxI7mmcFx4
207,2022-05-13 06:18:55+00:00,im_back74,Naw bro this niggas Kendrick really going stupid asfğŸ˜­ğŸ˜­ğŸ˜­nigga had Apple Music n other music apps crashing who else doin dat
208,2022-05-13 06:18:54+00:00,zoee_xoxox,brooo this song  https://t.co/pkYIjMOY6l
209,2022-05-13 06:18:54+00:00,KalebBaker90,I love when you count me out!!! https://t.co/MY3tCVKZt3
210,2022-05-13 06:18:54+00:00,IndigoJord,great stuff! https://t.co/SWitsHCblm
211,2022-05-13 06:18:52+00:00,austingrant__,This the one.  https://t.co/JUzuVBH0m7
212,2022-05-13 06:18:52+00:00,__RobJay,UMI is so cold bro ğŸ”¥ğŸ”¥ğŸ”¥ https://t.co/eBORBzKJhJ
213,2022-05-13 06:18:41+00:00,Kellyflickss,Itâ€™s a shame I gotta listen to this on SoundCloud. Apple Music you Missin out
214,2022-05-13 06:18:38+00:00,itsdvon,this https://t.co/ruVhZaBK8u
215,2022-05-13 06:18:27+00:00,BLG_Cello,NVM THIS MY FAVORITE  https://t.co/QRFoaKr5cn
216,2022-05-13 06:18:25+00:00,BORDERLlNEFAG,the way I talked sm sh!t ab this album and i actually like this song now Lmfaoo i think itâ€™s the cover art idk https://t.co/YIH99FgsMv
217,2022-05-13 06:18:23+00:00,coskunsmrhldr,another one ğŸ‘ŒğŸ» â¦@kendricklamarâ© #MrMoraleAndTheBigSteppers  https://t.co/0OEM5oZqRG
218,2022-05-13 06:18:22+00:00,DotYook,This shit fye as hell ğŸ˜­ https://t.co/yj4k0AI6np
219,2022-05-13 06:18:21+00:00,CurtRealHumble,COME ON SON !! https://t.co/F38VLHNBjM
220,2022-05-13 06:18:21+00:00,prodsonyeondan,"mom has returned &lt;3

https://t.co/0Z8AnTWxIf"
221,2022-05-13 06:18:16+00:00,_roho,â€˜know yâ€™all love it when the drugs talkinâ€¦â€™ https://t.co/H45XfWIOjB
222,2022-05-13 06:18:14+00:00,Riplilkeith6,Blood be going crazy https://t.co/KKztJhLuMX
223,2022-05-13 06:18:13+00:00,godblessrevenge,this is sex https://t.co/VrsIHW78NK
224,2022-05-13 06:18:12+00:00,adika_steph,my besttt https://t.co/Saar5PcNao
225,2022-05-13 06:18:12+00:00,Iangfilms,"cant believe y'all bullied them out of this concept, it was SO good ğŸ˜­ğŸ˜­ https://t.co/NqLjCEabpn"
226,2022-05-13 06:18:09+00:00,MJFINESSELOVER,Stevie Wonder had Richard Nixon crying and throwing up in the Oval Office with this one!  https://t.co/r9p6aAZtVr
227,2022-05-13 06:18:09+00:00,soupypearls,"my song in all her glory im gonna cry
https://t.co/UJzc004Hb6"
228,2022-05-13 06:18:05+00:00,Wham_Jam2,Thatâ€™s on ma dukes  https://t.co/0MTjI7VX7n
229,2022-05-13 06:18:05+00:00,missaeIsoto,ExaaaaaactlyğŸ¤©ğŸ¤© https://t.co/J2251Y24PK
230,2022-05-13 06:18:03+00:00,uncwustable,she is so unserious  https://t.co/XxKWjYirjf
231,2022-05-13 06:17:59+00:00,BigMiracoole,I get lamba too o ğŸ’¯ no go whine o ğŸ˜‚ https://t.co/EWasW4CVA2
232,2022-05-13 06:17:58+00:00,trillkidbrandon,"My uncle would tell me the shit in the movies, could only be magic
This year, I did forty-three shows and took it all home to buy him a casket https://t.co/Wx4TMaKrpS"
233,2022-05-13 06:17:58+00:00,Kuziemus,Pushing you off me like â€œhuhâ€ https://t.co/mYGnsAv0eR
234,2022-05-13 06:17:53+00:00,That_Kid_Vonte,This shit hard  https://t.co/O1KYrt7w0Z
235,2022-05-13 06:17:51+00:00,OfficialDbsJu,Far From Perfect out now on all streaming platformsâ€¦ go get thatâ€¼ï¸ğŸ™ğŸ¾ https://t.co/L92D1KFyLs
236,2022-05-13 06:17:46+00:00,DebbieSnacks85,"Yo this is deep and I have no problem admitting it has me tearing up!

#mrmoraleandthebigsteppers  https://t.co/89ZUjgp4IU"
237,2022-05-13 06:17:42+00:00,susanmuranty,"My new albumâ€™s coming out â€¦ and suddenly Iâ€™m seeing #TurquoiseğŸ¦‹ everywhere lol!!! ğŸ«¶ Such a special #blue given fire by such a perfect dash of yellow - a metaphor for making #happiness out of sadness always ğŸ’ğŸ’ğŸ’#newalbum #beautiful #love #music #colour
https://t.co/J0JhPI3tGf https://t.co/PFd013rjKg"
238,2022-05-13 06:17:41+00:00,greenfossils,YOOOOOOOOOOOOOO QUIT FUCKING PLAYINNNGGGGGG https://t.co/LCovpfCD5C
239,2022-05-13 06:17:41+00:00,espresso_punk,ğŸ§â˜•ï¸ walk to work this morning  listening to this  https://t.co/VPMsLOpDwQ
240,2022-05-13 06:17:31+00:00,its_jiehere,"ğŸŒ»READY TO ORDER!

â€¢ Sewa dan Upgrade zoom
â€¢ Netflix, YouTube, Spotify, Apple Music, WeTV, Disney+ Hotstar, HBO go, VIU, Vidio, iQiyi

âš ï¸ Trusted, 500+ testimoni
ğŸ’³ Bank, qris &amp; all e-wallet
ğŸ“© @pitaapps  / https://t.co/nZmdHdZENn

#zonajajan #zonauangá… á… á… "
241,2022-05-13 06:17:28+00:00,happyvirus_cart,"â˜† HAPPY VIRUS IS NOW OPEN AND ACCEPTING ORDERS AND INQUIRIES â˜†

wts wtb lf looking for premium acc prem accs netflix spotify youtube viu grammarly quillbot scribd chegg turnitin coursehero vpn apple music bartleby kahoot cheap ph mura affordable"
242,2022-05-13 06:17:27+00:00,Anaaabelleeee,Apple Music fucking UP
243,2022-05-13 06:17:19+00:00,Olua_01,Favorite jam till further notice ğŸ’ªğŸ˜.       Davido is too good abeg ğŸ¤.                                    https://t.co/nUGgj8hoZd
244,2022-05-13 06:17:15+00:00,zaaaaakyy,these past few days reminded me of this song ğŸ¥º https://t.co/xZpCS2azWW
245,2022-05-13 06:17:08+00:00,jeoulloa,All summer  https://t.co/JOiALNiEaD
246,2022-05-13 06:17:08+00:00,OhhMyDooney,Kendrick album is on Apple Music now
247,2022-05-13 06:17:06+00:00,dangercatkam,a palette cleanser! https://t.co/Pgjf5BjMhz
248,2022-05-13 06:17:04+00:00,xjadanevaeh,oh my fuckin god https://t.co/IKwgBX5sti
249,2022-05-13 06:17:04+00:00,__dannymorales,protecting my soul in the valley of silence https://t.co/rdmqZngHvf
250,2022-05-13 06:16:56+00:00,YourBoii_Ty,Word play some canâ€™t decrypt  https://t.co/swIKU3Mre5
251,2022-05-13 06:16:52+00:00,AstroboyAlexis,"bro was ahead of his time, the chorus singers that enforced him in the background while he just went dumb with the loops, insane  https://t.co/jRbE46cBvw"
252,2022-05-13 06:16:49+00:00,DeMiciaValon,"My mood this weekend sounds like this. I need to add a few joints here ğŸŒğŸ¹ğŸ¤¸ğŸ¾â€â™€ï¸ğŸ˜ğŸ¥‚

https://t.co/rlZpwbCl6Z"
253,2022-05-13 06:16:46+00:00,jeauseph,iâ€™m on a nightwalk and iâ€™m smoking a joint and those harmonies just  gave me CHILLS i tell u! https://t.co/dG9ImOBYwK
254,2022-05-13 06:16:42+00:00,Yinkz10,"Kendrick woke up Sampha from his slumber, a king   https://t.co/egmvErwcO8"
255,2022-05-13 06:16:41+00:00,aash1iee,blxst went off  https://t.co/YeluoVaBjf
256,2022-05-13 06:16:38+00:00,gutta_twins,New single DOUBLE OUT NOWğŸ”¥ğŸ”¥ğŸ”¥ğŸ”¥ https://t.co/yGEK1KXxFK
257,2022-05-13 06:16:28+00:00,nostynas,Oh my god.  https://t.co/JhbEPoqHag
258,2022-05-13 06:16:22+00:00,JaphethsSon,Spazzing from the start  https://t.co/CM3T7JoDku
259,2022-05-13 06:16:16+00:00,onlyoverharry,i really donâ€™t think i have it in me to switch from spotify to apple music i canâ€™t ğŸ¤·ğŸ»â€â™€ï¸
260,2022-05-13 06:16:13+00:00,freeman68281614,was even about to uninstall apple musicğŸ˜‚ https://t.co/Lb8ei2OQah
261,2022-05-13 06:16:11+00:00,KeefaDaGeeker,"Out Now On All PlatformsğŸŒğŸ“ˆ
#YoungKeefa #AppleMusic #iTunes #Music #Apple #Billboard #OUTNOW #Explore #explorepage 
https://t.co/KJcs9Twt3I"
262,2022-05-13 06:16:06+00:00,808_raw,"#NowPlaying JuiceXO - The Xtrdnry MX XIX 

DOWNLOAD THE FREE MUSIC APP IN THE APP STORE FOR APPLE AND GOOGLE PLAY FOR ANDRIOD FOR 24 HOURS OF NONSTOP COMMERCIAL FREE HIP HOP https://t.co/iaFZiDVFdU"
263,2022-05-13 06:16:03+00:00,OmidoIIaz,"so emotional rn, thinking about #moonknight this song is amazing  https://t.co/rBXJCZROQ9"
264,2022-05-13 06:16:01+00:00,lelewan_,Good morning God bless all my niggas Grrr https://t.co/hWxiCnq1bI
265,2022-05-13 06:15:58+00:00,hrrykth,apple music is def so much better but all my friends &amp; playlists are at spotify. so i just have both ğŸ˜­ğŸ˜­
266,2022-05-13 06:15:50+00:00,lo_dabuddafly,Well shit ğŸ˜®â€ğŸ’¨ https://t.co/AYhygezriQ
267,2022-05-13 06:15:41+00:00,vxrnvn,Iâ€™m about to do the craziest hustle to this lol https://t.co/pfxj9FcxSU
268,2022-05-13 06:15:39+00:00,skyxfvll,"Iâ€™m not in the music business 
I been in the human business
whole life been social distant
hoes like when you not trippin https://t.co/hR0VdzWaZe"
269,2022-05-13 06:15:37+00:00,lucky_kamalu,"New music Friday ğŸ”¥ , @clemzyondbeat @Ajebo_Hustlers 

https://t.co/ySitv85Xrw"
270,2022-05-13 06:15:35+00:00,Phillipus_VI,Only 2 tracks available on kendricks album on Apple Music &amp; im already cryin.
271,2022-05-13 06:15:33+00:00,JesseStamps,"New!! Off the latest release
A new #EP""In Town Sound""
Track ""Daylight With You""
#hiphop #electronic
https://t.co/9ZB3fE4J8C"
272,2022-05-13 06:15:30+00:00,chaengsawman,ive been trying to find this song for like 10 years now because there was a k-on amv to it and i only remembered one specific part and it was my favorite amv ever https://t.co/5Zyj7OJWg2
273,2022-05-13 06:15:26+00:00,surfborting,Queennnn!! Lemme give this a listen before I go to bed https://t.co/ZGQF7mknoC
274,2022-05-13 06:15:23+00:00,CavalrySam,Selena Gomez - Zane Lowe &amp; Apple Music Rare Interview https://t.co/6yWhpPryvE via @YouTube
275,2022-05-13 06:15:22+00:00,Chapthato,"""The first time I fucked a white bitch... I was sixteen"" 
https://t.co/qVg0tpNYZ0"
276,2022-05-13 06:15:17+00:00,teeniegon,"ONEUS APPLE MUSIC POB GO

ğŸŒ™ 5 usd per POB or $8 with digipack 
ğŸŒ™ dm to claim
ğŸŒ™ paypal only

ğŸ‡¦ğŸ‡º ğŸ“ WW postage âœ… 

Availability
Ravn âœ…âœ…
Seoho âœ…
Leedo âœ…
Keonhee âœ…âœ…
Hwanwoong âœ…âœ…âœ…âœ…
Xion âœ…
Ot6 âœ… https://t.co/8J7imKtID5"
277,2022-05-13 06:15:17+00:00,TheMoonMan_,"ğŸ¶ğŸ§¬WavesğŸ§¬ğŸ¶

https://t.co/9sYUCGWLXn"
278,2022-05-13 06:15:17+00:00,bern_sp,21 savage on this go be hard o https://t.co/SmSu9oM6Iq
279,2022-05-13 06:15:15+00:00,zcoderboy,Morning rotation. Have a good day. https://t.co/KyXZmc6aAD
280,2022-05-13 06:15:10+00:00,OchoBuckets,Itâ€™s just me or this song sound like it got remastered and in the new version the beat is kinda dragging  https://t.co/0lzJ3D8EHd
281,2022-05-13 06:15:08+00:00,JackSince94,"Song of the year:
https://t.co/b9sWt1ySz8"
282,2022-05-13 06:15:08+00:00,worldOFkuban,had to get a spotify subscription for this kendrick album. as for apple music. ğŸ¤”
283,2022-05-13 06:15:06+00:00,magdalenepop,"â€¦anyway, if youâ€™re looking for an album with zero slvrs, give florence + the machineâ€™s dance fever a try!! https://t.co/1dvY1Iz3i9"
284,2022-05-13 06:15:04+00:00,THIRTY30RACK,"Had to run this bitch back  
https://t.co/AFv1C5xACW"
285,2022-05-13 06:15:00+00:00,TheRugbyPaper,"ğŸš¨The Rugby Paper Podcast: Episode Fifteen with Jake Woolmore
ğŸ”´ Spotify https://t.co/qLP60hCdVF 
ğŸ Apple 
https://t.co/2dD0gvM61v
ğŸ“¦Amazon
https://t.co/xEPhT3iYp8
ğŸ’»Google 
https://t.co/20QSB0EF4c
Listen to the latest episode of the pod on our website â¤µï¸
https://t.co/e45yNWG2jZ"
286,2022-05-13 06:14:58+00:00,shineworshipnp,Playing I Won't Move by https://t.co/8Va63WBhVZ Worship https://t.co/DBiWpvtUus
287,2022-05-13 06:14:57+00:00,impiannya,being posted with this song &gt;&gt;&gt;&gt;&gt; https://t.co/5hQVThSEBV
288,2022-05-13 06:14:55+00:00,NiiniiR,Obsessed  https://t.co/JoeCObUcWu
289,2022-05-13 06:14:47+00:00,MariahMcken,Ummmm it says 18 songs but I only see 9 on Apple Music. Why?
290,2022-05-13 06:14:42+00:00,Sadiqthegoat,shit https://t.co/2PXXg4RmZK
291,2022-05-13 06:14:41+00:00,airedale_terror,this is soooo cuntyâ€¦. https://t.co/F6L82qgShV
292,2022-05-13 06:14:39+00:00,DAVIDO_STATS,"Nigeria ğŸ‡³ğŸ‡¬ Apple Music:

#2. â€œSTAND STRONGâ€ (+1) *New Peak* https://t.co/UcLxY7WsnB"
293,2022-05-13 06:14:39+00:00,refuxks,TGIFğŸ™ŒğŸ¾ https://t.co/c5Yh7LZ36E
294,2022-05-13 06:14:39+00:00,CrinkleCuck,"I hope tonight settles not only that Kendrick is the GOAT, but that Spotify is better than Apple Music."
295,2022-05-13 06:14:32+00:00,coskunsmrhldr,such a good song ğŸ™ŒğŸ»ğŸ‘ğŸ» â¦@kendricklamarâ© #MrMoraleAndTheBigSteppers â¦@TaylourPaigeâ©  https://t.co/mdpsxLoBh1
296,2022-05-13 06:14:30+00:00,drowsysteph,ITS OUT AHHHHH https://t.co/ra5hS85vcr
297,2022-05-13 06:14:29+00:00,LowKeyDij,the only song iâ€™ll ever like from this girl. this song actually gets me a little sad.  https://t.co/LKQXZYAwZN
298,2022-05-13 06:14:21+00:00,feIixneverbad,got apple music to see what theyâ€™re listening to just to not be able to find their account FUCK there goes 10$
299,2022-05-13 06:14:21+00:00,mkgotbeats,Party party party party.. https://t.co/qjwKHCi9CU
300,2022-05-13 06:14:18+00:00,tunecable,"ğŸ˜™How can you play Spotify Music on Apple TV?

ğŸ˜‹This is a thorough tutorial to know the full 4 ways to play Spotify Music on Apple TV/any smart TV set you have!

ğŸ¤©Check it out step by step: https://t.co/wRuk6ovUcl

#spotifymusiconappletv #spotifytosmarttv #TuneCable https://t.co/7PtU3bhA1F"
301,2022-05-13 06:14:17+00:00,Lanonextdoor,gotta give it to KendrickğŸ¤ğŸ¼mans dropped and put Apple Music on life supportğŸ˜­ğŸ‘ğŸ»ğŸ‘ğŸ»
302,2022-05-13 06:14:11+00:00,kultkekee,life is starting to make sense again. https://t.co/B5Q1sHn7tU
303,2022-05-13 06:14:10+00:00,Simply_Bhangra,".@HilltopStudios1  presents Aakh Di, by Jasbir Thabal &amp; @JussMusik  

Out Now: https://t.co/J8xPyxEqsG

https://t.co/6YGgqYCr5y 

#Bhangra #NewMusic"
304,2022-05-13 06:14:08+00:00,jaheimclx,Who was there ! https://t.co/uyY775qrhG
305,2022-05-13 06:14:03+00:00,LadyRoza_001,"Apple users, let's take it to number one https://t.co/8yaKFgQ0ke"
306,2022-05-13 06:14:02+00:00,metalTalent,#REVOLUTIONXRADIO Memento Mori by Baleful Creed Seismic Shifter https://t.co/4HTfLmpGbE
307,2022-05-13 06:14:01+00:00,uhmjaz,okay gn  https://t.co/hQHweOURXD
308,2022-05-13 06:13:59+00:00,k1ng_pierre,Favorite song so far https://t.co/ihgqgVpjED
309,2022-05-13 06:13:52+00:00,DaaamnnGinaa,Itâ€™s something about this song ğŸ¥¹ğŸ¤ŒğŸ½ https://t.co/i7OjrzeFVX
310,2022-05-13 06:13:51+00:00,DoBeFuginWiddat,So now the second half is working on Apple Music ğŸ˜’ yeah Iâ€™ll listen to this later
311,2022-05-13 06:13:50+00:00,marissaraylenee,the transition ğŸ”¥ https://t.co/SQizq5yDYd
312,2022-05-13 06:13:48+00:00,DemonTimeYoni,Apple Music as always â€¦  bugginâ€™ https://t.co/BtMkuM3Q0h
313,2022-05-13 06:13:47+00:00,canyonmoonfades,I cant even get apple music like that I have an android ğŸ˜­ğŸ˜­
314,2022-05-13 06:13:45+00:00,cryIate,this Canadian history right here  https://t.co/1Coj8YvFRp
315,2022-05-13 06:13:44+00:00,oceanmel_,Apple music doesn't accept Accees bank card?? What's going on??
316,2022-05-13 06:13:40+00:00,desertduranfan,For those of you needing something a little closer to Sohoâ€¦ https://t.co/j9d3ZDMUU3 https://t.co/ATiQtcUoZC
317,2022-05-13 06:13:34+00:00,sonicosmology,sorry por ser yo https://t.co/Uu31Mkyp8R
318,2022-05-13 06:13:33+00:00,JakpostLife,iPod RIP: How Apple's music player transformed an industry https://t.co/V97YspBJVg
319,2022-05-13 06:13:32+00:00,sunveervirk,Goodnight yâ€™all https://t.co/ueoZ02WS1h
320,2022-05-13 06:13:28+00:00,YessieXO_,apple music gave kendrick the whole page. IKTFR https://t.co/3g6JBXss3V
321,2022-05-13 06:13:23+00:00,2RealtoTweet,Why tf Apple Music crash for whole hour? Now I gotta start over on the Album
322,2022-05-13 06:13:23+00:00,PutinGotMe,"This the one 
https://t.co/ZP2cfe0iBG"
323,2022-05-13 06:13:22+00:00,itsskeonluv29,Apple Music truly does not want #Him on the Platform like they said this is a classy partyâ€¦. https://t.co/mrbSR2SdST
324,2022-05-13 06:13:18+00:00,bjorkdunne,wow wow wow  https://t.co/2ntvmULbBk
325,2022-05-13 06:13:17+00:00,ghadouwritting,Apple Music are you kidding me ? Like where that album suddenly gone
326,2022-05-13 06:13:12+00:00,danielkiistow,How my Apple Music go expire now boyyyyyyyyyyyy https://t.co/71yMAcqnkL
327,2022-05-13 06:13:12+00:00,LuthoJobela,"I canâ€™t listen to this Kendrick Lamar album because Apple Music is Apple Musicing, again. https://t.co/u9Ykpps1fp"
328,2022-05-13 06:13:11+00:00,alkhooryy,here we go https://t.co/SIkPCUPHrM
329,2022-05-13 06:13:08+00:00,FilmCritGRINCH,apple music wouldnt let me listen to the new  kendrick album but now it let me listen to it so i listened to it
330,2022-05-13 06:13:04+00:00,PiunikaWeb,[Updated] Apple Music app not working or keeps crashing on Carplay? Youâ€™re not alone (potential workaround inside) https://t.co/1Vb7z1aN2j https://t.co/ofSq7SlZqv
331,2022-05-13 06:13:03+00:00,BrutalGina,Apple Music has better quality https://t.co/KqLdAbXCRg
332,2022-05-13 06:13:01+00:00,kgothiinho,my motherâ€™s motherâ€¦  https://t.co/swOVG1ZOcu
333,2022-05-13 06:13:00+00:00,mdaixo,Fav track  https://t.co/cBsd32qSsk
334,2022-05-13 06:12:59+00:00,tonooooy,Today would have been a good time to still be on Apple Music.
335,2022-05-13 06:12:56+00:00,dragswolf,"â€œMother I Soberâ€ is one of the most visceral songs for me off of â¦â¦@kendricklamarâ© new album. With each listen, Iâ€™m drawn into the grief and triumph this song embodies. Amazing work.  https://t.co/y61epV4hkx"
336,2022-05-13 06:12:56+00:00,skyxfvll,oh yeah kendrick is speaking on the good ole theory of how all women hate each other  https://t.co/cH3ugsayJ0
337,2022-05-13 06:12:54+00:00,Don__Gorgon,So relatable.  https://t.co/9pkXHZSamA
338,2022-05-13 06:12:52+00:00,Nistaaxx,Keem on tâ€™aime trop bordel  https://t.co/qKhOsAK07Z
339,2022-05-13 06:12:47+00:00,tillg,Rediscovering old long time favs ğŸ¥° https://t.co/xmsNWFEDEa
340,2022-05-13 06:12:45+00:00,sudunatai,Apple Music still doesnâ€™t have Kendrick ğŸ˜’
341,2022-05-13 06:12:43+00:00,thvshouse,all of u bullied me so long for using Apple Music and now all of a suddenâ€¦
342,2022-05-13 06:12:28+00:00,AblackmanisGod,And Iâ€™ve been waiting too long now I gotta resurface https://t.co/2QyfizZJdo
343,2022-05-13 06:12:26+00:00,ohmy_que,Iâ€™m poppin my fucking pussy rn ğŸ˜© https://t.co/lYdsKXASP5
344,2022-05-13 06:12:15+00:00,TheCoolisMook__,I canâ€™t even get to Kendrick album Apple Music fucking up lol
345,2022-05-13 06:12:15+00:00,Efrxinn,on repeat all fkn year  https://t.co/Czqf9dMOaf
346,2022-05-13 06:12:13+00:00,b9yondtheveil,Summer chewed. âœ¨â¤ï¸â€ğŸ”¥ https://t.co/o9MSbETDKq
347,2022-05-13 06:12:13+00:00,BraggsJosh,Pharrell went dummy!  https://t.co/8YluOWK5fD
348,2022-05-13 06:12:05+00:00,worldviberadio,#Adekunle Gold - Sunday (Apple Music Home Session) https://t.co/rVg4HnIdMK
349,2022-05-13 06:12:00+00:00,HelleboreBO,"The book doesn't make the cover !

https://t.co/j903gsocAr 
https://t.co/9oDMQND707 

She's got a blue shadow...
#A-Live at #NY

https://t.co/UDJy8TjCoq https://t.co/jbj5lliSsl"
350,2022-05-13 06:11:55+00:00,desertduranfan,Just wait for itâ€¦ https://t.co/r9Deox3it7 https://t.co/aTutlpXAt4
351,2022-05-13 06:11:53+00:00,Esellers_3,Herb verse on thisğŸ”¥ğŸ”¥ https://t.co/9BMKBCqI8j
352,2022-05-13 06:11:45+00:00,BLG_Cello,This my favorite no gone capp  https://t.co/mWQAMh6DLK
353,2022-05-13 06:11:39+00:00,canyonmoonfades,WHY DID I NOT KNOW APPLE MUSIC IS IN 4K!?!? BITCH WHAT?@?
354,2022-05-13 06:11:35+00:00,wrdgaflike,let's get into REAL music https://t.co/ug1uMGtR0R
355,2022-05-13 06:11:33+00:00,ajanicreates,Apple Music finally got they shit together
356,2022-05-13 06:11:31+00:00,BevisRobins,"Congratulations to @AsLostAsAliceUK on the release of their debut song Eleanor!

It's a beautiful song, download and stream from your platform of choice!!

Check it out
https://t.co/5OkBRXMFvt
@Azra_Pathan @DevilsGateMusic @Maria_Savva
@IgniteRockShow @thursdayrocker https://t.co/TzQRlr3bPy"
357,2022-05-13 06:11:20+00:00,randij_,love this songgg https://t.co/2Hr6BBVbMG
358,2022-05-13 06:11:09+00:00,HelleboreBO,"The book doesn't make the cover !

https://t.co/j903gsocAr 
https://t.co/9oDMQND707 

She's got a blue shadow...
#A-Live at #NY

https://t.co/UDJy8TjCoq https://t.co/i4cVG096ta"
359,2022-05-13 06:11:05+00:00,Fanele_Ndaba,"Bro, itâ€™s either you wanna release this album on Apple Music or not, not this shit youâ€™re doing @kendricklamar"
360,2022-05-13 06:11:01+00:00,beeswaxangels,youâ€™re gonna get it the first time https://t.co/pnlzCF5Cyj
361,2022-05-13 06:11:00+00:00,Kinging_xx,"This song save my night, Davido thank you oh!!!!!!!!!!!!!!!!!!ğŸ˜«â¤ï¸ğŸ¤²ğŸ”¥ https://t.co/hAsoLZJcET"
362,2022-05-13 06:10:59+00:00,rudebwoyc0,I love his flows and delivery here. Definitely claiming this one early. https://t.co/MgkZa7XkZq
363,2022-05-13 06:10:57+00:00,zane_mosher,Fuck man this shit crazy https://t.co/NfCh3vmBED
364,2022-05-13 06:10:55+00:00,T_finley94,Againâ€¦read the lyrics while you listen ğŸ”¥ğŸ”¥ https://t.co/MbZwP1PfPM
365,2022-05-13 06:10:54+00:00,scvrlet444,"This be a little promotional post for my song 'In My Bag'; only available on SOUNDCLOUD, but do follow me on Spotify and Apple Music. I am SCVRLET. https://t.co/DbEFOHt9II"
366,2022-05-13 06:10:52+00:00,MINIYAKSHA,she deserved better https://t.co/1EraiBg4tc
367,2022-05-13 06:10:52+00:00,Issacjosephh5,he really one of the coldest out still â¦@torylanezâ©  https://t.co/NtVarDtMCQ
368,2022-05-13 06:10:50+00:00,DaRealNotik,Not gon lie this mf ğŸ”¥ğŸ”¥ğŸ”¥ğŸ”¥ğŸ”¥ğŸ”¥ğŸ”¥ğŸ”¥ğŸ”¥ğŸ”¥ğŸ”¥ğŸ”¥ğŸ”¥ğŸ”¥ğŸ”¥ğŸ”¥ğŸ”¥ğŸ”¥ğŸ”¥ https://t.co/FKVr695qJi
369,2022-05-13 06:10:48+00:00,shineworshipnp,Playing Glorius Day by Passion (ft. Kristian Stanfill) https://t.co/5DwbrxNoyN
370,2022-05-13 06:10:46+00:00,RichiexCientos,Can anybody else hear this line? Or did he replace the Ye bar with the Bron bar ? might of caught Apple Music sleeping ğŸ‘€ Iâ€™m curious to hear your thoughts on this @Letty lol #MrMoraleAndTheBigSteppers https://t.co/V97sNehhYR
371,2022-05-13 06:10:32+00:00,jjaylina__,yo this song ğŸ˜­ https://t.co/rKyPvzpvrA
372,2022-05-13 06:10:30+00:00,LilChopCheeze,I never thought I would be crying to a kendrick song ğŸ¥² https://t.co/iI8JAa3khU
373,2022-05-13 06:10:29+00:00,LiliesHome_,"ğŸŒŸJoin us 24/7 Stream for #LISAğŸŒŸ

Tips:
1âƒ£ Get Spotify Premium or Apple Music
2âƒ£ Join LLH Stationhead with phone or PC; plug in ğŸ§
3âƒ£ Leave it there to stream 24 hr.

Stationhead (lilieshome1): https://t.co/DxXBdXAe4l

[We play MONEY from BM &amp; MH directly]â˜ºï¸

#LALISA #MONEY"
374,2022-05-13 06:10:27+00:00,darbotz,All day long ğŸ”¥ğŸ”¥ğŸ”¥ https://t.co/L7GohSN4YV
375,2022-05-13 06:10:24+00:00,Howdy_ImSlim,ğŸ˜­ğŸ˜­ fuuuucckkk. Why just tell me  https://t.co/oaUhCAKWyP
376,2022-05-13 06:10:22+00:00,rudebwoyc0,A very strong track to serve as the intro. https://t.co/HjOKHmlPDp
377,2022-05-13 06:10:20+00:00,briight_prince,I nor sleep for long because of Davido. Love to see heâ€™s at number 3 already on Apple Music.
378,2022-05-13 06:10:18+00:00,emiliagomezz28,oh- i dont have apple music
379,2022-05-13 06:10:15+00:00,MANUELCAV,"d2 hitting 570m streams across spotify and youtube, not even including apple music streams. itâ€™s time for a gold plaque! sean needs to update those certs! https://t.co/EZVk5C4HsY"
380,2022-05-13 06:10:14+00:00,bybophotography,"Ladies, drama? Leave it home

https://t.co/6xqcAnQJbf"
381,2022-05-13 06:10:14+00:00,oceanicbill,donâ€™t come cryingâ€¦ i am nobodyâ€™s moral center. https://t.co/PAFqRUPCdC
382,2022-05-13 06:10:07+00:00,XTheCreator_,The nigga broke Apple Music as well https://t.co/LrauGaeD5B
383,2022-05-13 06:10:06+00:00,_novembernight,why would she do this to me? ğŸ˜­ğŸ˜­ğŸ˜­ bc this poem is describing a lot of feelings for me rn  https://t.co/qVVzQzsbBt
384,2022-05-13 06:10:06+00:00,LadyJoyCaloc,"The book doesn't make the cover !

https://t.co/rINNLdr30L 
https://t.co/KqIEzR2Ofr 

She's got a blue shadow...
#A-Live at #NY

https://t.co/deKcOY1uk4 https://t.co/V1p3KGbjDv"
385,2022-05-13 06:10:02+00:00,myMFnSelf,Kendrick Lamarâ€™s 5th Studio album Mr Morale and The Big Steppers has broken a new record on Apple Music â€¦ it has been streamed over 500 million times causing the app to crash!!! https://t.co/0Mom5seazv
386,2022-05-13 06:10:00+00:00,mmmionees,jual app apk premium remini netflix youtube spotify apple music alight motion vidio platinum viu wetv iqiyi disney+ hotstar grammarly microsoft hbo go canva scribd iflix amazon prime picsart tezza vsco vpn premium b https://t.co/FTJ8mb5mfE
387,2022-05-13 06:09:58+00:00,nabilvert,. â¦@zuhayb_231â© this dude the best guy to come out in a while wow keem https://t.co/Wt0vvcGHKq
388,2022-05-13 06:09:55+00:00,ClTXVl,flashing lights x pray for me https://t.co/arT4W4mQHU
389,2022-05-13 06:09:54+00:00,xungkel,KING https://t.co/7pevBKL5yO
390,2022-05-13 06:09:54+00:00,Oozeawesomejuce,This is my shittytt https://t.co/uqmloYdfQT
391,2022-05-13 06:09:53+00:00,NotKevitooo,So fucking hard.  https://t.co/kOVMEGtgUw
392,2022-05-13 06:09:48+00:00,KhalidIzuu,This is actually really nice https://t.co/NkNvYpW0XB
393,2022-05-13 06:09:46+00:00,kevbojones,"The music of John Williams tells such a story

Check out my hand crafted Star Wars playlist featuring music from all 9 films. 

 https://t.co/GPquwccz9e"
394,2022-05-13 06:09:43+00:00,its_axo,letâ€™s focking go https://t.co/gsnJ8tazkg
395,2022-05-13 06:09:43+00:00,nervasystem,Onyx Â©2022 Onyx Versus Everybody https://t.co/EPaZ6U3EIZ #nervamusic #Rap #HipHop USA ğŸ‡ºğŸ‡¸
396,2022-05-13 06:09:40+00:00,jthecancer_,Is this not Rico????  https://t.co/5Z0TULrUaP
397,2022-05-13 06:09:33+00:00,i__wooyoung,!! thank you woosung &lt;33  https://t.co/vNODyOXUdU
398,2022-05-13 06:09:32+00:00,J_ro_77,You can tell who got spotify and who got apple music after this Kendrick Release
399,2022-05-13 06:09:18+00:00,MJFINESSELOVER,Stevie Wonder wrote this song as an ode to Bob Marley who had been on tour with him as the opening act! His mind! ğŸ”¥ https://t.co/9UOKhnC4gL
